{
  "$schema": "https://developer.microsoft.com/json-schemas/spfx/client-side-web-part-manifest.schema.json",
  "id": "09ea4c9d-41a6-489f-98ba-f3558adf0352",
  "alias": "SentiNewsDisplayWebPart",
  "componentType": "WebPart",

  // The "*" signifies that the version should be taken from the package.json
  "version": "*",
  "manifestVersion": 2,

  // If true, the component can only be installed on sites where Custom Script is allowed.
  // Components that allow authors to embed arbitrary script code should set this to true.
  // https://support.office.com/en-us/article/Turn-scripting-capabilities-on-or-off-1f2c515f-5d7e-448a-9fd7-835da935584f
  "requiresCustomScript": false,
  "supportedHosts": ["SharePointWebPart", "TeamsPersonalApp", "TeamsTab", "SharePointFullPage"],
  "supportsThemeVariants": true,

  "preconfiguredEntries": [{
    "groupId": "5c03119e-3074-46fd-976b-c60198311f70", // Advanced
    "group": { "default": "Advanced" },
    "title": { "default": "SentiNewsDisplay" },
    "description": { "default": "SentiNewsDisplay description" },
    "officeFabricIconFontName": "Page",
    "properties": {
      "description": "SentiNewsDisplay",
      "bingKey":"ea02144ea3354e10982e17b3c63e24e6",
      "textSentimentApiKey":"f6328f253d494acb9d9aeef1c9ac9c86"
    }
  }]
}
